building,Original,After,Potential Energy Saving
MD0334ZZ,8472744.395999577,7461581.881389468,11.93
WV0054FP,1422333.6019999688,1273037.9020833247,10.5
